-- =========================
-- Platora Large Seed Data
-- =========================

-- Admins
INSERT INTO users (email, password_hash, name, phone, role) VALUES
                                                                ('admin1@example.com','$2b$10$CwTycUXWue0Thq9StjUM0uJ8H8vYbQxjvYwYVhXqZrXcVnYwZrX9e
','Admin One','9999999999','admin'),
                                                                ('admin2@example.com','$2b$10$CwTycUXWue0Thq9StjUM0uJ8H8vYbQxjvYwYVhXqZrXcVnYwZrX9e
','Admin Two','8888888888','admin'),
                                                                ('admin3@example.com','$2b$10$CwTycUXWue0Thq9StjUM0uJ8H8vYbQxjvYwYVhXqZrXcVnYwZrX9e
','Admin Three','7777777777','admin');

-- Customers (20)
INSERT INTO users (email, password_hash, name, phone, role) VALUES
                                                                ('cust1@example.com','$2b$10$CwTycUXWue0Thq9StjUM0uJ8H8vYbQxjvYwYVhXqZrXcVnYwZrX9e
','Customer 1','9000000001','customer'),
                                                                ('cust2@example.com','$2b$10$CwTycUXWue0Thq9StjUM0uJ8H8vYbQxjvYwYVhXqZrXcVnYwZrX9e
','Customer 2','9000000002','customer'),
                                                                ('cust3@example.com','$2b$10$CwTycUXWue0Thq9StjUM0uJ8H8vYbQxjvYwYVhXqZrXcVnYwZrX9e
','Customer 3','9000000003','customer'),
                                                                ('cust4@example.com','$2b$10$CwTycUXWue0Thq9StjUM0uJ8H8vYbQxjvYwYVhXqZrXcVnYwZrX9e
','Customer 4','9000000004','customer'),
                                                                ('cust5@example.com','$2b$10$CwTycUXWue0Thq9StjUM0uJ8H8vYbQxjvYwYVhXqZrXcVnYwZrX9e
','Customer 5','9000000005','customer'),
                                                                ('cust6@example.com','$2b$10$CwTycUXWue0Thq9StjUM0uJ8H8vYbQxjvYwYVhXqZrXcVnYwZrX9e
','Customer 6','9000000006','customer'),
                                                                ('cust7@example.com','$2b$10$CwTycUXWue0Thq9StjUM0uJ8H8vYbQxjvYwYVhXqZrXcVnYwZrX9e
','Customer 7','9000000007','customer'),
                                                                ('cust8@example.com','$2b$10$CwTycUXWue0Thq9StjUM0uJ8H8vYbQxjvYwYVhXqZrXcVnYwZrX9e
','Customer 8','9000000008','customer'),
                                                                ('cust9@example.com','$2b$10$CwTycUXWue0Thq9StjUM0uJ8H8vYbQxjvYwYVhXqZrXcVnYwZrX9e
','Customer 9','9000000009','customer'),
                                                                ('cust10@example.com','$2b$10$CwTycUXWue0Thq9StjUM0uJ8H8vYbQxjvYwYVhXqZrXcVnYwZrX9e
','Customer 10','9000000010','customer'),
                                                                ('cust11@example.com','$2b$10$CwTycUXWue0Thq9StjUM0uJ8H8vYbQxjvYwYVhXqZrXcVnYwZrX9e
','Customer 11','9000000011','customer'),
                                                                ('cust12@example.com','$2b$10$CwTycUXWue0Thq9StjUM0uJ8H8vYbQxjvYwYVhXqZrXcVnYwZrX9e
','Customer 12','9000000012','customer'),
                                                                ('cust13@example.com','$2b$10$CwTycUXWue0Thq9StjUM0uJ8H8vYbQxjvYwYVhXqZrXcVnYwZrX9e
','Customer 13','9000000013','customer'),
                                                                ('cust14@example.com','$2b$10$CwTycUXWue0Thq9StjUM0uJ8H8vYbQxjvYwYVhXqZrXcVnYwZrX9e
','Customer 14','9000000014','customer'),
                                                                ('cust15@example.com','$2b$10$CwTycUXWue0Thq9StjUM0uJ8H8vYbQxjvYwYVhXqZrXcVnYwZrX9e
','Customer 15','9000000015','customer'),
                                                                ('cust16@example.com','$2b$10$CwTycUXWue0Thq9StjUM0uJ8H8vYbQxjvYwYVhXqZrXcVnYwZrX9e
','Customer 16','9000000016','customer'),
                                                                ('cust17@example.com','$2b$10$CwTycUXWue0Thq9StjUM0uJ8H8vYbQxjvYwYVhXqZrXcVnYwZrX9e
','Customer 17','9000000017','customer'),
                                                                ('cust18@example.com','$2b$10$CwTycUXWue0Thq9StjUM0uJ8H8vYbQxjvYwYVhXqZrXcVnYwZrX9e
','Customer 18','9000000018','customer'),
                                                                ('cust19@example.com','$2b$10$CwTycUXWue0Thq9StjUM0uJ8H8vYbQxjvYwYVhXqZrXcVnYwZrX9e
','Customer 19','9000000019','customer'),
                                                                ('cust20@example.com','$2b$10$CwTycUXWue0Thq9StjUM0uJ8H8vYbQxjvYwYVhXqZrXcVnYwZrX9e
','Customer 20','9000000020','customer');

-- Restaurant owners (20)
INSERT INTO users (email, password_hash, name, phone, role) VALUES
                                                                ('resto1@example.com','$2b$10$CwTycUXWue0Thq9StjUM0uJ8H8vYbQxjvYwYVhXqZrXcVnYwZrX9e','Owner 1','9100000001','restaurant'),
                                                                ('resto2@example.com','$2b$10$CwTycUXWue0Thq9StjUM0uJ8H8vYbQxjvYwYVhXqZrXcVnYwZrX9e','Owner 2','9100000002','restaurant'),
                                                                ('resto3@example.com','$2b$10$CwTycUXWue0Thq9StjUM0uJ8H8vYbQxjvYwYVhXqZrXcVnYwZrX9e','Owner 3','9100000003','restaurant'),
                                                                ('resto4@example.com','$2b$10$CwTycUXWue0Thq9StjUM0uJ8H8vYbQxjvYwYVhXqZrXcVnYwZrX9e','Owner 4','9100000004','restaurant'),
                                                                ('resto5@example.com','$2b$10$CwTycUXWue0Thq9StjUM0uJ8H8vYbQxjvYwYVhXqZrXcVnYwZrX9e','Owner 5','9100000005','restaurant'),
                                                                ('resto6@example.com','$2b$10$CwTycUXWue0Thq9StjUM0uJ8H8vYbQxjvYwYVhXqZrXcVnYwZrX9e','Owner 6','9100000006','restaurant'),
                                                                ('resto7@example.com','$2b$10$CwTycUXWue0Thq9StjUM0uJ8H8vYbQxjvYwYVhXqZrXcVnYwZrX9e','Owner 7','9100000007','restaurant'),
                                                                ('resto8@example.com','$2b$10$CwTycUXWue0Thq9StjUM0uJ8H8vYbQxjvYwYVhXqZrXcVnYwZrX9e','Owner 8','9100000008','restaurant'),
                                                                ('resto9@example.com','$2b$10$CwTycUXWue0Thq9StjUM0uJ8H8vYbQxjvYwYVhXqZrXcVnYwZrX9e','Owner 9','9100000009','restaurant'),
                                                                ('resto10@example.com','$2b$10$CwTycUXWue0Thq9StjUM0uJ8H8vYbQxjvYwYVhXqZrXcVnYwZrX9e','Owner 10','9100000010','restaurant'),
                                                                ('resto11@example.com','$2b$10$CwTycUXWue0Thq9StjUM0uJ8H8vYbQxjvYwYVhXqZrXcVnYwZrX9e','Owner 11','9100000011','restaurant'),
                                                                ('resto12@example.com','$2b$10$CwTycUXWue0Thq9StjUM0uJ8H8vYbQxjvYwYVhXqZrXcVnYwZrX9e','Owner 12','9100000012','restaurant'),
                                                                ('resto13@example.com','$2b$10$CwTycUXWue0Thq9StjUM0uJ8H8vYbQxjvYwYVhXqZrXcVnYwZrX9e','Owner 13','9100000013','restaurant'),
                                                                ('resto14@example.com','$2b$10$CwTycUXWue0Thq9StjUM0uJ8H8vYbQxjvYwYVhXqZrXcVnYwZrX9e','Owner 14','9100000014','restaurant'),
                                                                ('resto15@example.com','$2b$10$CwTycUXWue0Thq9StjUM0uJ8H8vYbQxjvYwYVhXqZrXcVnYwZrX9e','Owner 15','9100000015','restaurant'),
                                                                ('resto16@example.com','$2b$10$CwTycUXWue0Thq9StjUM0uJ8H8vYbQxjvYwYVhXqZrXcVnYwZrX9e','Owner 16','9100000016','restaurant'),
                                                                ('resto17@example.com','$2b$10$CwTycUXWue0Thq9StjUM0uJ8H8vYbQxjvYwYVhXqZrXcVnYwZrX9e','Owner 17','9100000017','restaurant'),
                                                                ('resto18@example.com','$2b$10$CwTycUXWue0Thq9StjUM0uJ8H8vYbQxjvYwYVhXqZrXcVnYwZrX9e','Owner 18','9100000018','restaurant'),
                                                                ('resto19@example.com','$2b$10$CwTycUXWue0Thq9StjUM0uJ8H8vYbQxjvYwYVhXqZrXcVnYwZrX9e','Owner 19','9100000019','restaurant'),
                                                                ('resto20@example.com','$2b$10$CwTycUXWue0Thq9StjUM0uJ8H8vYbQxjvYwYVhXqZrXcVnYwZrX9e','Owner 20','9100000020','restaurant');

-- Restaurants (20)
INSERT INTO restaurants (user_id, name, address, phone) VALUES
                                                            (24,'Pizza Palace','123 Main St','7000000001'),
                                                            (25,'Curry Corner','456 Spice Rd','7000000002'),
                                                            (26,'Burger Barn','789 Grill Ave','7000000003'),
                                                            (27,'Sushi Spot','321 Ocean Dr','7000000004'),
                                                            (28,'Taco Town','654 Fiesta Ln','7000000005'),
                                                            (29,'BBQ House','987 Smoke Blvd','7000000006'),
                                                            (30,'Pasta Place','111 Italy St','7000000007'),
                                                            (31,'Salad Shack','222 Green Rd','7000000008'),
                                                            (32,'Breakfast Hub','333 Morning Ave','7000000009'),
                                                            (33,'Dessert Den','444 Sweet St','7000000010'),
                                                            (34,'Seafood Central','555 Harbor St','7000000011'),
                                                            (35,'Steak Station','666 Grill Rd','7000000012'),
                                                            (36,'Vegan Valley','777 Plant Ln','7000000013'),
                                                            (37,'Noodle Nest','888 Asia St','7000000014'),
                                                            (38,'Sandwich Stop','999 Deli Rd','7000000015'),
                                                            (39,'Dimsum Depot','101 Chinatown','7000000016'),
                                                            (40,'Falafel Factory','202 MiddleEast Ave','7000000017'),
                                                            (41,'Soup Studio','303 Warm Rd','7000000018'),
                                                            (42,'Kebab Kingdom','404 Grill Blvd','7000000019'),
                                                            (43,'Wrap World','505 Roll St','7000000020');

-- Delivery agents (30)
INSERT INTO users (email, password_hash, name, phone, role) VALUES
                                                                ('del1@example.com','$2b$10$CwTycUXWue0Thq9StjUM0uJ8H8vYbQxjvYwYVhXqZrXcVnYwZrX9e','Delivery 1','9200000001','delivery'),
                                                                ('del2@example.com','$2b$10$CwTycUXWue0Thq9StjUM0uJ8H8vYbQxjvYwYVhXqZrXcVnYwZrX9e','Delivery 2','9200000002','delivery'),
                                                                ('del3@example.com','$2b$10$CwTycUXWue0Thq9StjUM0uJ8H8vYbQxjvYwYVhXqZrXcVnYwZrX9e','Delivery 3','9200000003','delivery'),
                                                                ('del4@example.com','$2b$10$CwTycUXWue0Thq9StjUM0uJ8H8vYbQxjvYwYVhXqZrXcVnYwZrX9e','Delivery 4','9200000004','delivery'),
                                                                ('del5@example.com','$2b$10$CwTycUXWue0Thq9StjUM0uJ8H8vYbQxjvYwYVhXqZrXcVnYwZrX9e','Delivery 5','9200000005','delivery'),
                                                                ('del6@example.com','$2b$10$CwTycUXWue0Thq9StjUM0uJ8H8vYbQxjvYwYVhXqZrXcVnYwZrX9e','Delivery 6','9200000006','delivery'),
                                                                ('del7@example.com','$2b$10$CwTycUXWue0Thq9StjUM0uJ8H8vYbQxjvYwYVhXqZrXcVnYwZrX9e','Delivery 7','9200000007','delivery'),
                                                                ('del8@example.com','$2b$10$CwTycUXWue0Thq9StjUM0uJ8H8vYbQxjvYwYVhXqZrXcVnYwZrX9e','Delivery 8','9200000008','delivery'),
                                                                ('del9@example.com','$2b$10$CwTycUXWue0Thq9StjUM0uJ8H8vYbQxjvYwYVhXqZrXcVnYwZrX9e','Delivery 9','9200000009','delivery'),
                                                                ('del10@example.com','$2b$10$CwTycUXWue0Thq9StjUM0uJ8H8vYbQxjvYwYVhXqZrXcVnYwZrX9e','Delivery 10','9200000010','delivery'),
                                                                ('del11@example.com','$2b$10$CwTycUXWue0Thq9StjUM0uJ8H8vYbQxjvYwYVhXqZrXcVnYwZrX9e','Delivery 11','9200000011','delivery'),
                                                                ('del12@example.com','$2b$10$CwTycUXWue0Thq9StjUM0uJ8H8vYbQxjvYwYVhXqZrXcVnYwZrX9e','Delivery 12','9200000012','delivery'),
                                                                ('del13@example.com','$2b$10$CwTycUXWue0Thq9StjUM0uJ8H8vYbQxjvYwYVhXqZrXcVnYwZrX9e','Delivery 13','9200000013','delivery'),
                                                                ('del14@example.com','$2b$10$CwTycUXWue0Thq9StjUM0uJ8H8vYbQxjvYwYVhXqZrXcVnYwZrX9e','Delivery 14','9200000014','delivery'),
                                                                ('del15@example.com','$2b$10$CwTycUXWue0Thq9StjUM0uJ8H8vYbQxjvYwYVhXqZrXcVnYwZrX9e','Delivery 15','9200000015','delivery'),
                                                                ('del16@example.com','$2b$10$CwTycUXWue0Thq9StjUM0uJ8H8vYbQxjvYwYVhXqZrXcVnYwZrX9e','Delivery 16','9200000016','delivery'),
                                                                ('del17@example.com','$2b$10$CwTycUXWue0Thq9StjUM0uJ8H8vYbQxjvYwYVhXqZrXcVnYwZrX9e','Delivery 17','9200000017','delivery'),
                                                                ('del18@example.com','$2b$10$CwTycUXWue0Thq9StjUM0uJ8H8vYbQxjvYwYVhXqZrXcVnYwZrX9e','Delivery 18','9200000018','delivery'),
                                                                ('del19@example.com','$2b$10$CwTycUXWue0Thq9StjUM0uJ8H8vYbQxjvYwYVhXqZrXcVnYwZrX9e','Delivery 19','9200000019','delivery'),
                                                                ('del20@example.com','$2b$10$CwTycUXWue0Thq9StjUM0uJ8H8vYbQxjvYwYVhXqZrXcVnYwZrX9e','Delivery 20','9200000020','delivery'),
                                                                ('del21@example.com','$2b$10$CwTycUXWue0Thq9StjUM0uJ8H8vYbQxjvYwYVhXqZrXcVnYwZrX9e','Delivery 21','9200000021','delivery'),
                                                                ('del22@example.com','$2b$10$CwTycUXWue0Thq9StjUM0uJ8H8vYbQxjvYwYVhXqZrXcVnYwZrX9e','Delivery 22','9200000022','delivery'),
                                                                ('del23@example.com','$2b$10$CwTycUXWue0Thq9StjUM0uJ8H8vYbQxjvYwYVhXqZrXcVnYwZrX9e','Delivery 23','9200000023','delivery'),
                                                                ('del24@example.com','$2b$10$CwTycUXWue0Thq9StjUM0uJ8H8vYbQxjvYwYVhXqZrXcVnYwZrX9e','Delivery 24','9200000024','delivery'),
                                                                ('del25@example.com','$2b$10$CwTycUXWue0Thq9StjUM0uJ8H8vYbQxjvYwYVhXqZrXcVnYwZrX9e','Delivery 25','9200000025','delivery'),
                                                                ('del26@example.com','$2b$10$CwTycUXWue0Thq9StjUM0uJ8H8vYbQxjvYwYVhXqZrXcVnYwZrX9e','Delivery 26','9200000026','delivery'),
                                                                ('del27@example.com','$2b$10$CwTycUXWue0Thq9StjUM0uJ8H8vYbQxjvYwYVhXqZrXcVnYwZrX9e','Delivery 27','9200000027','delivery'),
                                                                ('del28@example.com','$2b$10$CwTycUXWue0Thq9StjUM0uJ8H8vYbQxjvYwYVhXqZrXcVnYwZrX9e','Delivery 28','9200000028','delivery'),
                                                                ('del29@example.com','$2b$10$CwTycUXWue0Thq9StjUM0uJ8H8vYbQxjvYwYVhXqZrXcVnYwZrX9e','Delivery 29','9200000029','delivery'),
                                                                ('del30@example.com','$2b$10$CwTycUXWue0Thq9StjUM0uJ8H8vYbQxjvYwYVhXqZrXcVnYwZrX9e','Delivery 30','9200000030','delivery');

-- Menu Items (100)
INSERT INTO menu_items (restaurant_id, name, description, price) VALUES
                                                            (1,'Margherita Pizza','Classic pizza with tomato sauce, mozzarella, and basil',8.99),
                                                            (1,'Pepperoni Pizza','Pizza topped with pepperoni slices and cheese',9.99),
                                                            (1,'Veggie Pizza','Pizza loaded with bell peppers, onions, mushrooms, and olives',10.49),
                                                            (1,'BBQ Chicken Pizza','Pizza with BBQ sauce, grilled chicken, and red onions',11.49),
                                                            (1,'Hawaiian Pizza','Pizza topped with ham and pineapple chunks',10.99),
                                                            (1,'Meat Lovers Pizza','Pizza loaded with pepperoni, sausage, bacon, and ham',12.49),
                                                            (1,'Four Cheese Pizza','Pizza with a blend of mozzarella, cheddar, parmesan, and gouda',11.99),
                                                            (1,'Buffalo Chicken Pizza','Pizza with buffalo sauce, grilled chicken, and blue cheese crumbles',11.49),
                                                            (1,'Spinach and Feta Pizza','Pizza topped with spinach, feta cheese, and garlic',10.99),
                                                            (1,'Mushroom Pizza','Pizza loaded with fresh mushrooms and mozzarella',9.99),
                                                            (2,'Chicken Tikka Masala','Grilled chicken pieces in creamy tomato sauce',12.99),
                                                            (2,'Lamb Curry','Tender lamb cooked in a rich and spicy curry sauce',14.99),
                                                            (2,'Vegetable Biryani','Fragrant rice dish with mixed vegetables and spices',10.99),
                                                            (2,'Butter Chicken','Chicken cooked in a buttery tomato sauce',13.49),
                                                            (2,'Chana Masala','Spicy chickpea curry',9.99),
                                                            (2,'Palak Paneer','Spinach and cottage cheese curry',11.49),
                                                            (2,'Aloo Gobi','Potato and cauliflower cooked with spices',9.49),
                                                            (2,'Naan Bread','Soft Indian flatbread',2.49),
                                                            (2,'Samosas','Fried pastry filled with spiced potatoes and peas',4.99),
                                                            (2,'Mango Lassi','Sweet mango yogurt drink',3.99),
                                                            (3,'Classic Cheeseburger','Beef patty with cheddar cheese, lettuce, tomato, and pickles',8.49),
                                                            (3,'Bacon Burger','Beef patty topped with crispy bacon and cheddar cheese',9.49),
                                                            (3,'Mushroom Swiss Burger','Beef patty with sautéed mushrooms and Swiss cheese',9.99),
                                                            (3,'Veggie Burger','Grilled veggie patty with lettuce, tomato, and avocado',8.99),
                                                            (3,'BBQ Burger','Beef patty with BBQ sauce, onion rings, and cheddar cheese',9.99),
                                                            (3,'Double Cheeseburger','Two beef patties with double cheddar cheese',10.99),
                                                            (3,'Chicken Sandwich','Grilled chicken breast with lettuce, tomato, and mayo',8.49),
                                                            (3,'Fish Sandwich','Fried fish fillet with tartar sauce and lettuce',8.99),
                                                            (3,'Fries','Crispy golden french fries',2.99),
                                                            (3,'Onion Rings','Fried battered onion rings',3.49),
                                                            (4,'California Roll','Crab, avocado, and cucumber roll',6.99),
                                                            (4,'Spicy Tuna Roll','Tuna with spicy mayo and cucumber roll',7.49),
                                                            (4,'Salmon Nigiri','Sliced salmon over vinegared rice',5.99),
                                                            (4,'Eel Roll','Grilled eel with avocado and cucumber roll',7.99),
                                                            (4,'Vegetable Roll','Cucumber, avocado, and carrot roll',5.49),
                                                            (4,'Tempura Shrimp Roll','Fried shrimp with avocado and cucumber roll',8.49),
                                                            (4,'Dragon Roll','Eel and cucumber roll topped with avocado and eel sauce',9.49),
                                                            (4,'Miso Soup','Traditional Japanese miso soup',2.99),
                                                            (4,'Edamame','Steamed soybeans with sea salt',3.49),
                                                            (4,'Seaweed Salad','Salad made with marinated seaweed',4.49),
                                                            (5,'Tacos al Pastor','Marinated pork tacos with pineapple and cilantro',7.49),
                                                            (5,'Beef Burrito','Flour tortilla stuffed with rice, beans, and seasoned beef',8.99),
                                                            (5,'Chips and Salsa','Crispy tortilla chips with house salsa',3.99),
                                                            (6,'Pulled Pork Sandwich','Slow-cooked pulled pork with BBQ sauce',9.49),
                                                            (6,'Smoked Ribs','Half rack of smoked ribs with glaze',15.99),
                                                            (6,'Coleslaw','Creamy coleslaw side',2.99),
                                                            (7,'Spaghetti Carbonara','Pasta with pancetta, egg, and pecorino',11.99),
                                                            (7,'Fettuccine Alfredo','Creamy Alfredo sauce over fettuccine',10.99),
                                                            (8,'Caesar Salad','Romaine, parmesan, croutons, Caesar dressing',7.49),
                                                            (8,'Greek Salad','Tomatoes, cucumber, olives, feta',8.49);

-- Orders (50)
INSERT INTO orders (customer_id, restaurant_id, total_amount, status, payment_mode) VALUES
                                                            (1,1,25.47,'Delivered','Credit Card'),
                                                            (2,2,30.99,'Out for Delivery','Cash'),
                                                            (3,3,15.48,'Preparing','Debit Card'),
                                                            (4,4,22.75,'Delivered','Credit Card'),
                                                            (5,5,18.99,'Cancelled','Cash'),
                                                            (6,1,27.50,'Delivered','Credit Card'),
                                                            (7,2,33.20,'Out for Delivery','Debit Card'),
                                                            (8,3,19.99,'Preparing','Cash'),
                                                            (9,4,24.30,'Delivered','Credit Card'),
                                                            (10,5,21.75,'Cancelled','Debit Card'),
                                                            (11,1,29.99,'Delivered','Cash'),
                                                            (12,2,31.50,'Out for Delivery','Credit Card'),
                                                            (13,3,16.75,'Preparing','Debit Card'),
                                                            (14,4,23.80,'Delivered','Cash'),
                                                            (15,5,20.49,'Cancelled','Credit Card'),
                                                            (16,1,28.60,'Delivered','Debit Card'),
                                                            (17,2,34.10,'Out for Delivery','Cash'),
                                                            (18,3,18.25,'Preparing','Credit Card'),
                                                            (19,4,25.90,'Delivered','Debit Card'),
                                                            (20,5,22.30,'Cancelled','Cash'),
                                                            (21,1,26.75,'Delivered','Credit Card'),
                                                            (22,2,32.40,'Out for Delivery','Debit Card'),
                                                            (23,3,17.80,'Preparing','Cash'),
                                                            (24,4,24.60,'Delivered','Credit Card'),
                                                            (25,5,19.99,'Cancelled','Debit Card'),
                                                            (26,1,30.20,'Delivered','Cash'),
                                                            (27,2,33.75,'Out for Delivery','Credit Card'),
                                                            (28,3,15.99,'Preparing','Debit Card'),
                                                            (29,4,22.45,'Delivered','Cash'),
                                                            (30,5,21.10,'Cancelled','Credit Card'),
                                                            (31,1,27.80,'Delivered','Debit Card'),
                                                            (32,2,31.90,'Out for Delivery','Cash'),
                                                            (33,3,16.50,'Preparing','Credit Card'),
                                                            (34,4,23.25,'Delivered','Debit Card'),
                                                            (35,5,20.75,'Cancelled','Cash'),
                                                            (36,1,29.10,'Delivered','Credit Card'),
                                                            (37,2,34.50,'Out for Delivery','Debit Card'),
                                                            (38,3,18.00,'Preparing','Cash'),
                                                            (39,4,25.15,'Delivered','Credit Card'),
                                                            (40,5,22.80,'Cancelled','Debit Card'),
                                                            (41,1,26.30,'Delivered','Cash'),
                                                            (42,2,32.10,'Out for Delivery','Credit Card'),
                                                            (43,3,17.25,'Preparing','Debit Card'),
                                                            (44,4,24.90,'Delivered','Cash'),
                                                            (45,5,19.50,'Cancelled','Credit Card'),
                                                            (46,1,30.75,'Delivered','Debit Card'),
                                                            (47,2,33.40,'Out for Delivery','Cash'),
                                                            (48,3,15.75,'Preparing','Credit Card'),
                                                            (49,4,22.95,'Delivered','Debit Card'),
                                                            (50,5,21.60,'Cancelled','Cash');

-- Order Items (150)
INSERT INTO order_items (order_id, menu_item_id, quantity, unit_price) VALUES
                                                            (1,1,2,8.99),
                                                            (1,3,1,10.49),
                                                            (1,7,1,11.99),
                                                            (2,12,1,12.99),
                                                            (2,15,2,9.99),
                                                            (2,18,1,2.49),
                                                            (3,21,1,8.49),
                                                            (3,24,1,9.99),
                                                            (4,31,2,6.99),
                                                            (4,34,1,5.99),
                                                            (5,41,1,12.99),
                                                            (5,44,1,9.49),
                                                            (6,2,1,9.99),
                                                            (6,5,1,10.99),
                                                            (6,8,1,11.49),
                                                            (7,13,2,14.99),
                                                            (7,16,1,11.49),
                                                            (8,22,1,9.49),
                                                            (8,25,1,8.99),
                                                            (9,33,1,7.49),
                                                            (9,36,2,8.49),
                                                            (10,42,1,13.49),
                                                            (10,45,1,10.99),
                                                            (11,3,2,10.49),
                                                            (11,6,1,12.49),
                                                            (12,14,1,13.49),
                                                            (12,17,2,9.99),
                                                            (13,23,1,9.99),
                                                            (13,26,1,8.49),
                                                            (14,32,2,6.99),
                                                            (14,35,1,5.99),
                                                            (15,40,1,11.49),
                                                            (15,43,1,9.49),
                                                            (16,4,1,11.49),
                                                            (16,7,1,11.99),
                                                            (17,15,2,9.99),
                                                            (17,18,1,2.49),
                                                            (18,21,1,8.49),
                                                            (18,24,1,9.99),
                                                            (19,31,2,6.99),
                                                            (19,34,1,5.99),
                                                            (20,41,1,12.99),
                                                            (20,44,1,9.49),
                                                            (21,2,1,9.99),
                                                            (21,9,1,9.99),
                                                            (21,29,1,3.49),
                                                            (22,11,1,12.99),
                                                            (22,17,1,9.99),
                                                            (22,28,2,2.99),
                                                            (23,4,1,6.99),
                                                            (23,8,2,11.49),
                                                            (24,13,1,14.99),
                                                            (24,19,1,3.99),
                                                            (25,20,2,8.49),
                                                            (25,27,1,3.49),
                                                            (26,1,1,8.99),
                                                            (26,5,1,10.99),
                                                            (26,9,1,9.99),
                                                            (27,12,1,12.99),
                                                            (27,15,1,9.99),
                                                            (28,21,1,8.49),
                                                            (28,24,1,9.99),
                                                            (29,31,1,6.99),
                                                            (29,34,1,5.99),
                                                            (29,36,1,8.49),
                                                            (30,33,1,7.49),
                                                            (31,2,1,9.99),
                                                            (31,6,1,12.49),
                                                            (32,14,2,13.49),
                                                            (33,23,1,9.99),
                                                            (33,26,2,8.49),
                                                            (34,32,1,6.99),
                                                            (34,35,1,5.99),
                                                            (35,40,1,11.49),
                                                            (36,7,2,11.99),
                                                            (36,8,1,11.49),
                                                            (37,15,1,9.99),
                                                            (37,18,1,2.49),
                                                            (38,21,2,8.49),
                                                            (38,24,1,9.99),
                                                            (39,31,1,6.99),
                                                            (39,34,2,5.99),
                                                            (40,41,1,12.99),
                                                            (40,44,1,9.49),
                                                            (41,3,1,10.49),
                                                            (41,6,1,12.49),
                                                            (42,14,1,13.49),
                                                            (42,17,1,9.99),
                                                            (43,23,2,9.99),
                                                            (44,26,1,8.49),
                                                            (44,32,1,6.99),
                                                            (45,35,2,5.99),
                                                            (45,40,1,11.49),
                                                            (46,43,1,9.49),
                                                            (46,4,1,6.99),
                                                            (47,2,1,9.99),
                                                            (47,5,2,10.99),
                                                            (48,8,1,11.49),
                                                            (48,9,1,9.99),
                                                            (49,13,1,14.99),
                                                            (49,16,1,11.49),
                                                            (50,22,1,9.49),
                                                            (50,25,1,8.99);

-- Payments (mix of paid, refunded, and pending) -- align amounts to the orders table where possible
INSERT INTO payments (order_id, amount, mode, paid_at, invoice_text) VALUES
                                                            (1,25.47,'Credit Card', now(), 'Invoice: Order 1 - Paid with Credit Card'),
                                                            (2,30.99,'Cash', now(), 'Invoice: Order 2 - Paid in Cash'),
                                                            (4,22.75,'Credit Card', now(), 'Invoice: Order 4 - Paid with Credit Card'),
                                                            (6,27.50,'Credit Card', now(), 'Invoice: Order 6 - Paid with Credit Card'),
                                                            (9,24.30,'Credit Card', now(), 'Invoice: Order 9 - Paid with Credit Card'),
                                                            (11,29.99,'Cash', now(), 'Invoice: Order 11 - Paid with Cash'),
                                                            (12,31.50,'Credit Card', now(), 'Invoice: Order 12 - Paid with Credit Card'),
                                                            (14,23.80,'Cash', now(), 'Invoice: Order 14 - Paid with Cash'),
                                                            (16,28.60,'Debit Card', now(), 'Invoice: Order 16 - Paid with Debit Card'),
                                                            (19,25.90,'Debit Card', now(), 'Invoice: Order 19 - Paid with Debit Card'),
                                                            (21,26.75,'Credit Card', now(), 'Invoice: Order 21 - Paid with Credit Card'),
                                                            (24,24.60,'Credit Card', now(), 'Invoice: Order 24 - Paid with Credit Card'),
                                                            (26,30.20,'Cash', now(), 'Invoice: Order 26 - Paid with Cash'),
                                                            (29,22.45,'Cash', now(), 'Invoice: Order 29 - Paid with Cash'),
                                                            (31,27.80,'Debit Card', now(), 'Invoice: Order 31 - Paid with Debit Card'),
                                                            (33,16.50,'Credit Card', now(), 'Invoice: Order 33 - Paid with Credit Card'),
                                                            (34,23.25,'Debit Card', now(), 'Invoice: Order 34 - Paid with Debit Card'),
                                                            (36,29.10,'Credit Card', now(), 'Invoice: Order 36 - Paid with Credit Card'),
                                                            (39,25.15,'Credit Card', now(), 'Invoice: Order 39 - Paid with Credit Card'),
                                                            (41,26.30,'Cash', now(), 'Invoice: Order 41 - Paid with Cash'),
                                                            (44,24.90,'Cash', now(), 'Invoice: Order 44 - Paid with Cash'),
                                                            (46,30.75,'Debit Card', now(), 'Invoice: Order 46 - Paid with Debit Card'),
                                                            (49,22.95,'Debit Card', now(), 'Invoice: Order 49 - Paid with Debit Card'),
                                                            -- Refunds for some cancelled orders
                                                            (5,18.99,'Refund', now(), 'Refund issued for cancelled Order 5'),
                                                            (10,21.75,'Refund', now(), 'Refund issued for cancelled Order 10'),
                                                            (15,20.49,'Refund', now(), 'Refund issued for cancelled Order 15'),
                                                            (20,22.30,'Refund', now(), 'Refund issued for cancelled Order 20'),
                                                            (25,19.99,'Refund', now(), 'Refund issued for cancelled Order 25'),
                                                            (30,21.10,'Refund', now(), 'Refund issued for cancelled Order 30'),
                                                            (35,20.75,'Refund', now(), 'Refund issued for cancelled Order 35'),
                                                            (40,22.80,'Refund', now(), 'Refund issued for cancelled Order 40'),
                                                            (45,19.50,'Refund', now(), 'Refund issued for cancelled Order 45'),
                                                            (50,21.60,'Refund', now(), 'Refund issued for cancelled Order 50');

-- Invoices (structured records) — include generated_by to show which system/mode generated
INSERT INTO invoices (order_id, amount, currency, generated_at, invoice_text, generated_by) VALUES
                                                            (1,25.47,'INR', now(), 'Invoice record for Order 1', 'Credit Card'),
                                                            (2,30.99,'INR', now(), 'Invoice record for Order 2', 'Cash'),
                                                            (4,22.75,'INR', now(), 'Invoice record for Order 4', 'Credit Card'),
                                                            (6,27.50,'INR', now(), 'Invoice record for Order 6', 'Credit Card'),
                                                            (9,24.30,'INR', now(), 'Invoice record for Order 9', 'Credit Card'),
                                                            (11,29.99,'INR', now(), 'Invoice record for Order 11', 'Cash'),
                                                            (12,31.50,'INR', now(), 'Invoice record for Order 12', 'Credit Card'),
                                                            (14,23.80,'INR', now(), 'Invoice record for Order 14', 'Cash'),
                                                            (16,28.60,'INR', now(), 'Invoice record for Order 16', 'Debit Card'),
                                                            (19,25.90,'INR', now(), 'Invoice record for Order 19', 'Debit Card'),
                                                            (21,26.75,'INR', now(), 'Invoice record for Order 21', 'Credit Card'),
                                                            (24,24.60,'INR', now(), 'Invoice record for Order 24', 'Credit Card'),
                                                            (26,30.20,'INR', now(), 'Invoice record for Order 26', 'Cash'),
                                                            (29,22.45,'INR', now(), 'Invoice record for Order 29', 'Cash'),
                                                            (31,27.80,'INR', now(), 'Invoice record for Order 31', 'Debit Card'),
                                                            (33,16.50,'INR', now(), 'Invoice record for Order 33', 'Credit Card'),
                                                            (34,23.25,'INR', now(), 'Invoice record for Order 34', 'Debit Card'),
                                                            (36,29.10,'INR', now(), 'Invoice record for Order 36', 'Credit Card'),
                                                            (39,25.15,'INR', now(), 'Invoice record for Order 39', 'Credit Card'),
                                                            (41,26.30,'INR', now(), 'Invoice record for Order 41', 'Cash'),
                                                            (44,24.90,'INR', now(), 'Invoice record for Order 44', 'Cash'),
                                                            (46,30.75,'INR', now(), 'Invoice record for Order 46', 'Debit Card'),
                                                            (49,22.95,'INR', now(), 'Invoice record for Order 49', 'Debit Card'),
                                                            -- include invoices for refunded orders too (indicate refund)
                                                            (5,18.99,'INR', now(), 'Refund invoice for Order 5', 'System'),
                                                            (10,21.75,'INR', now(), 'Refund invoice for Order 10', 'System'),
                                                            (15,20.49,'INR', now(), 'Refund invoice for Order 15', 'System'),
                                                            (20,22.30,'INR', now(), 'Refund invoice for Order 20', 'System');

-- Deliveries: assign a mix of agents and statuses (use delivery agent user ids that were inserted after restaurants)
-- Delivery agents user ids in this seed are expected to be in the range after restaurant owners (approx 44-73); choose a spread to simulate load balancing
INSERT INTO deliveries (order_id, delivery_agent_id, status, assigned_at, updated_at) VALUES
                                                            (1,44,'Delivered', now() - interval '2 days', now() - interval '2 days'),
                                                            (2,45,'On the Way', now() - interval '1 day', now() - interval '2 hours'),
                                                            (3,NULL,'Assigned', now(), NULL),
                                                            (4,46,'Delivered', now() - interval '3 days', now() - interval '3 days'),
                                                            (6,47,'Delivered', now() - interval '1 day', now() - interval '20 hours'),
                                                            (7,48,'On the Way', now() - interval '4 hours', now() - interval '1 hour'),
                                                            (8,NULL,'Assigned', now(), NULL),
                                                            (9,49,'Delivered', now() - interval '5 days', now() - interval '5 days'),
                                                            (11,50,'Delivered', now() - interval '2 days', now() - interval '2 days'),
                                                            (12,44,'On the Way', now() - interval '3 hours', now() - interval '30 minutes'),
                                                            (14,45,'Delivered', now() - interval '6 days', now() - interval '6 days'),
                                                            (16,46,'Delivered', now() - interval '1 day', now() - interval '1 day'),
                                                            (17,47,'Picked', now() - interval '2 hours', now() - interval '90 minutes'),
                                                            (18,NULL,'Assigned', now(), NULL),
                                                            (19,48,'Delivered', now() - interval '12 days', now() - interval '12 days'),
                                                            (21,49,'Delivered', now() - interval '7 days', now() - interval '7 days'),
                                                            (22,50,'On the Way', now() - interval '4 hours', now() - interval '30 minutes'),
                                                            (23,44,'Picked', now() - interval '1 hour', now() - interval '30 minutes'),
                                                            (24,45,'Delivered', now() - interval '8 days', now() - interval '8 days'),
                                                            (26,46,'Delivered', now() - interval '2 days', now() - interval '2 days'),
                                                            (27,47,'On the Way', now() - interval '45 minutes', now() - interval '15 minutes'),
                                                            (28,NULL,'Assigned', now(), NULL),
                                                            (29,48,'Delivered', now() - interval '3 days', now() - interval '3 days'),
                                                            (31,49,'Delivered', now() - interval '9 days', now() - interval '9 days'),
                                                            (32,50,'On the Way', now() - interval '2 hours', now() - interval '20 minutes'),
                                                            (33,44,'Picked', now() - interval '30 minutes', now() - interval '10 minutes'),
                                                            (34,45,'Delivered', now() - interval '4 days', now() - interval '4 days'),
                                                            (36,46,'Delivered', now() - interval '11 days', now() - interval '11 days'),
                                                            (37,47,'On the Way', now() - interval '1 hour', now() - interval '5 minutes'),
                                                            (38,NULL,'Assigned', now(), NULL),
                                                            (39,48,'Delivered', now() - interval '15 days', now() - interval '15 days'),
                                                            (41,49,'Delivered', now() - interval '20 days', now() - interval '20 days'),
                                                            (42,50,'On the Way', now() - interval '25 minutes', now() - interval '5 minutes'),
                                                            (43,44,'Picked', now() - interval '10 minutes', NULL),
                                                            (44,45,'Delivered', now() - interval '13 days', now() - interval '13 days'),
                                                            (46,46,'Delivered', now() - interval '6 days', now() - interval '6 days'),
                                                            (47,47,'On the Way', now() - interval '2 hours', now() - interval '30 minutes'),
                                                            (48,NULL,'Assigned', now(), NULL),
                                                            (49,48,'Delivered', now() - interval '14 days', now() - interval '14 days'),
                                                            (50,49,'Assigned', now(), NULL);

-- End of added seed data
